Max_Temp;Avg_Temp;Min_Temp;Max_Dew;Avg_Dew;Min_Dew ;Max_Humidity;Avg_Humidity;Min_Humidity;Max_Wind;Avg_Wind;Min_Wind;Max_Pressure ;Avg_Pressure ;Min_Pressure;Precip
23,00;20,90;16,00;19,00;17,20;10,00;93,00;85,20;78,00;20,00;13,80;6,00;29,70;29,60;29,50;0.00
22,00;17,60;5,00;18,00;12,10;-4,00;93,00;79,00;66,00;22,00;15,20;10,00;29,80;29,60;29,40;0.00
20,00;10,00;-2,00;12,00;1,50;-7,00;83,00;69,20;54,00;24,00;11,70;3,00;29,80;29,60;29,30;0.00
33,00;28,60;20,00;30,00;23,90;12,00;100,00;83,70;64,00;22,00;9,90;0,00;29,40;29,30;29,20;0.00
30,00;17,70;0,00;28,00;13,30;-11,00;93,00;83,20;57,00;26,00;17,70;7,00;29,40;29,30;29,20;0.00
-3,00;-10,90;-14,00;-14,00;-19,90;-24,00;71,00;64,40;59,00;22,00;18,10;14,00;29,70;29,60;29,40;0.00
4,00;-2,40;-10,00;-1,00;-10,20;-17,00;80,00;69,60;60,00;17,00;10,20;0,00;29,70;29,70;29,70;0.00
14,00;7,00;-2,00;3,00;-0,80;-4,00;91,00;71,90;54,00;6,00;3,00;0,00;29,90;29,80;29,70;0.00
29,00;17,90;2,00;27,00;13,90;-2,00;93,00;84,60;73,00;12,00;5,40;0,00;29,90;29,70;29,50;0.00
42,00;34,70;30,00;42,00;30,00;0,00;100,00;96,70;92,00;15,00;9,10;5,00;29,50;29,30;28,90;0.00
41,00;36,10;32,00;41,00;32,30;0,00;100,00;90,20;75,00;20,00;12,20;7,00;29,10;28,90;28,80;0.00
44,00;35,30;29,00;31,00;22,70;0,00;89,00;76,50;63,00;20,00;15,00;10,00;29,30;29,10;29,00;0.00
46,00;39,40;29,00;35,00;22,60;0,00;82,00;73,00;60,00;17,00;12,20;7,00;29,10;29,00;28,90;0.00
36,00;29,10;21,00;30,00;21,10;0,00;92,00;78,50;63,00;29,00;16,00;3,00;29,30;29,10;29,00;0.00
22,00;18,70;16,00;18,00;10,60;8,00;85,00;70,50;63,00;16,00;11,40;6,00;29,50;29,40;29,30;0.00
36,00;29,00;21,00;31,00;20,60;0,00;93,00;77,60;55,00;21,00;15,60;8,00;29,20;29,00;28,80;0.00
20,00;16,00;14,00;12,00;8,00;4,00;81,00;71,10;61,00;15,00;11,90;8,00;29,40;29,30;29,10;0.00
21,00;17,50;11,00;18,00;13,90;6,00;93,00;85,00;74,00;13,00;7,70;0,00;29,30;29,20;29,10;0.00
39,00;25,60;11,00;29,00;19,10;8,00;92,00;77,10;66,00;23,00;14,40;6,00;29,20;29,10;28,90;0.00
36,00;28,70;21,00;28,00;23,60;16,00;93,00;81,50;65,00;21,00;11,30;0,00;29,40;29,20;29,00;0.00
14,00;7,80;2,00;10,00;-0,30;-6,00;92,00;70,30;51,00;24,00;14,20;5,00;29,60;29,60;29,40;0.00
16,00;9,30;2,00;9,00;1,60;-10,00;79,00;71,00;57,00;20,00;12,40;5,00;29,60;29,40;29,20;0.00
10,00;2,60;-3,00;-2,00;-7,90;-12,00;69,00;61,70;56,00;18,00;13,50;8,00;30,00;29,90;29,60;0.00
27,00;15,60;-5,00;24,00;7,80;-12,00;89,00;72,10;52,00;28,00;19,10;9,00;29,90;29,30;28,90;0.00
34,00;21,80;8,00;30,00;11,20;-6,00;93,00;65,90;39,00;25,00;16,50;6,00;29,30;29,00;28,70;0.00
32,00;18,60;7,00;25,00;11,40;-4,00;86,00;74,40;47,00;28,00;15,10;6,00;29,20;28,90;28,80;0.00
6,00;-1,60;-7,00;-3,00;-12,70;-17,00;67,00;59,70;51,00;22,00;14,50;6,00;29,80;29,60;29,30;0.00
3,00;-2,60;-11,00;-5,00;-11,70;-17,00;78,00;65,30;55,00;16,00;10,00;6,00;29,80;29,80;29,60;0.00
22,00;13,20;1,00;7,00;-0,30;-6,00;72,00;56,40;40,00;18,00;11,90;6,00;29,60;29,50;29,40;0.00
33,00;27,20;20,00;27,00;18,60;7,00;93,00;70,80;47,00;30,00;18,00;12,00;29,40;29,20;29,00;0.00
26,00;22,40;19,00;20,00;14,60;9,00;93,00;72,50;59,00;12,00;3,70;0,00;29,50;29,40;29,30;0.00
31,00;27,90;24,00;29,00;25,30;20,00;100,00;89,40;80,00;14,00;8,20;5,00;29,40;29,30;29,20;0.00
23,00;17,40;8,00;18,00;8,80;3,00;83,00;69,60;55,00;12,00;7,30;0,00;29,70;29,60;29,50;0.00
22,00;11,80;1,00;4,00;1,50;-3,00;88,00;65,70;42,00;9,00;4,30;0,00;29,80;29,70;29,70;0.00
25,00;20,70;12,00;20,00;14,30;3,00;93,00;77,00;59,00;17,00;8,40;0,00;29,80;29,60;29,40;0.00
25,00;22,50;10,00;23,00;17,40;6,00;93,00;81,30;71,00;22,00;15,20;3,00;29,80;29,50;29,30;0.00
10,00;3,70;-1,00;6,00;-3,10;-8,00;85,00;74,00;60,00;15,00;10,70;7,00;29,80;29,80;29,70;0.00
11,00;4,90;-2,00;0,00;-4,00;-8,00;79,00;67,50;54,00;17,00;10,30;7,00;29,80;29,80;29,70;0.00
17,00;13,90;7,00;13,00;8,50;0,00;88,00;79,80;67,00;8,00;4,80;0,00;29,70;29,60;29,50;0.00
19,00;14,00;7,00;13,00;6,90;0,00;88,00;73,80;59,00;14,00;7,90;5,00;29,70;29,60;29,40;0.00
13,00;5,20;-2,00;-2,00;-6,00;-9,00;73,00;60,70;45,00;12,00;7,80;5,00;29,90;29,80;29,70;0.00
15,00;6,30;-3,00;0,00;-3,80;-8,00;79,00;64,30;47,00;9,00;5,70;3,00;29,90;29,90;29,80;0.00
23,00;14,00;3,00;9,00;4,40;-2,00;84,00;67,00;53,00;9,00;5,00;0,00;29,80;29,60;29,40;0.00
34,00;24,40;15,00;27,00;14,00;6,00;80,00;65,20;43,00;23,00;11,80;5,00;29,40;29,10;28,90;0.00
21,00;17,20;13,00;14,00;8,80;6,00;77,00;70,00;60,00;16,00;9,50;5,00;29,30;29,10;29,00;0.00
24,00;15,80;6,00;14,00;8,10;1,00;86,00;72,50;57,00;10,00;6,30;0,00;29,50;29,40;29,30;0.00
28,00;22,60;18,00;18,00;15,30;14,00;88,00;74,30;56,00;13,00;9,30;6,00;29,60;29,50;29,30;0.00
29,00;24,30;21,00;25,00;20,00;16,00;96,00;84,10;69,00;20,00;11,60;0,00;29,60;29,20;29,00;0.00
44,00;35,10;24,00;30,00;26,10;21,00;88,00;71,00;53,00;21,00;10,60;0,00;29,30;29,20;29,00;0.00
44,00;36,80;33,00;30,00;27,90;25,00;82,00;70,90;47,00;14,00;8,10;5,00;29,30;29,20;29,00;0.00
52,00;38,80;35,00;52,00;35,00;0,00;100,00;94,50;73,00;32,00;11,90;0,00;29,30;28,90;28,60;0.00
37,00;31,60;28,00;30,00;21,30;8,00;87,00;66,70;41,00;36,00;23,40;9,00;29,20;29,00;28,70;0.00
35,00;28,70;24,00;17,00;13,00;11,00;63,00;52,30;37,00;15,00;11,00;8,00;29,40;29,30;29,20;0.00
29,00;21,70;16,00;11,00;7,40;4,00;62,00;54,50;43,00;17,00;11,40;7,00;29,60;29,60;29,40;0.00
25,00;19,30;13,00;9,00;6,40;4,00;71,00;58,10;44,00;17,00;11,50;7,00;29,60;29,60;29,60;0.00
23,00;16,80;7,00;10,00;4,40;-4,00;68,00;58,50;46,00;17,00;11,60;7,00;29,60;29,60;29,50;0.00
18,00;9,80;2,00;6,00;-3,40;-7,00;66,00;55,90;45,00;22,00;15,70;9,00;29,60;29,40;29,00;0.00
19,00;10,20;6,00;6,00;-8,20;-16,00;74,00;44,60;26,00;28,00;14,10;3,00;29,60;29,40;29,10;0.00
31,00;18,90;7,00;16,00;4,20;-10,00;70,00;53,40;44,00;14,00;9,20;0,00;29,60;29,50;29,40;0.00
31,00;20,10;12,00;27,00;14,30;8,00;92,00;78,90;57,00;16,00;10,10;0,00;29,70;29,60;29,40;0.00
15,00;10,40;5,00;8,00;0,70;-13,00;85,00;66,30;41,00;15,00;12,00;9,00;29,80;29,70;29,60;0.00
18,00;9,90;1,00;7,00;-0,30;-13,00;80,00;64,10;46,00;13,00;5,70;0,00;29,90;29,80;29,70;0.00
27,00;19,50;12,00;12,00;6,10;1,00;67,00;56,80;39,00;12,00;7,00;3,00;29,80;29,60;29,60;0.00
24,00;21,80;19,00;18,00;15,90;13,00;93,00;78,50;65,00;17,00;13,30;7,00;29,80;29,70;29,60;0.00
31,00;23,80;17,00;18,00;13,60;8,00;74,00;65,80;52,00;12,00;7,10;0,00;29,80;29,60;29,50;0.00
46,00;35,00;21,00;33,00;18,80;0,00;85,00;66,50;42,00;14,00;7,20;0,00;29,40;29,30;29,20;0.00
39,00;29,40;23,00;33,00;24,40;19,00;92,00;82,00;74,00;20,00;12,50;0,00;29,60;29,50;29,30;0.00
42,00;32,80;21,00;33,00;19,30;0,00;92,00;73,30;51,00;20,00;12,20;3,00;29,60;29,40;29,10;0.00
54,00;46,70;42,00;39,00;29,00;0,00;85,00;66,00;53,00;17,00;12,90;3,00;29,10;29,10;29,00;0.00
51,00;40,40;33,00;39,00;28,20;0,00;100,00;79,90;50,00;23,00;12,00;0,00;29,10;29,10;29,00;0.00
33,00;27,10;18,00;33,00;18,10;0,00;100,00;78,30;60,00;28,00;17,90;5,00;29,50;29,20;29,00;0.00
39,00;26,80;14,00;33,00;18,60;0,00;89,00;75,40;58,00;18,00;10,10;0,00;29,50;29,40;29,20;0.00
54,00;43,80;38,00;37,00;29,40;0,00;79,00;64,30;48,00;28,00;16,50;10,00;29,20;29,10;28,90;0.00
40,00;33,70;28,00;31,00;25,60;22,00;93,00;73,00;55,00;21,00;13,10;7,00;29,60;29,40;29,20;0.00
29,00;23,60;19,00;21,00;12,40;9,00;72,00;62,40;55,00;26,00;19,60;7,00;29,70;29,60;29,50;0.00
38,00;29,30;20,00;26,00;15,00;4,00;79,00;56,90;37,00;12,00;8,60;5,00;29,40;29,30;29,10;0.00
51,00;42,20;30,00;39,00;32,10;25,00;85,00;68,00;52,00;18,00;10,60;6,00;29,20;29,10;29,00;0.00
46,00;41,20;35,00;45,00;37,10;24,00;100,00;85,90;64,00;20,00;12,70;6,00;29,30;29,10;28,90;0.15
47,00;37,20;32,00;32,00;27,60;22,00;92,00;69,80;39,00;13,00;8,20;3,00;29,40;29,40;29,30;0.24
58,00;45,20;34,00;40,00;35,00;25,00;92,00;69,50;51,00;23,00;11,90;7,00;29,30;29,20;29,00;0.00
42,00;37,60;29,00;31,00;24,60;11,00;79,00;60,20;46,00;17,00;12,40;10,00;29,60;29,50;29,20;0.00
30,00;24,70;22,00;14,00;11,90;8,00;72,00;59,00;45,00;17,00;10,00;5,00;29,80;29,70;29,70;0.00
36,00;28,00;20,00;18,00;10,90;4,00;74,00;51,30;28,00;14,00;6,40;0,00;29,70;29,60;29,40;0.00
30,00;26,50;21,00;25,00;14,70;2,00;88,00;63,60;34,00;22,00;13,00;6,00;29,60;29,40;29,30;0.00
39,00;30,30;18,00;18,00;11,00;4,00;62,00;45,30;37,00;20,00;10,40;0,00;29,60;29,50;29,30;0.00
54,00;43,10;35,00;50,00;37,50;18,00;100,00;81,70;43,00;25,00;18,20;13,00;29,30;29,00;28,80;0.04
55,00;39,50;34,00;50,00;34,70;28,00;97,00;83,30;70,00;23,00;13,30;3,00;29,50;29,20;28,80;0.10
40,00;34,90;28,00;31,00;25,90;12,00;89,00;71,30;40,00;18,00;10,50;5,00;29,60;29,50;29,50;0.02
56,00;42,70;25,00;34,00;25,80;19,00;79,00;54,30;31,00;15,00;7,10;0,00;29,60;29,50;29,40;0.00
66,00;56,40;44,00;40,00;31,50;24,00;63,00;42,00;21,00;29,00;15,70;7,00;29,40;29,20;29,10;0.00
56,00;43,70;34,00;44,00;28,40;22,00;69,00;55,20;44,00;26,00;18,90;9,00;29,40;29,20;29,00;0.03
44,00;40,00;36,00;31,00;28,30;26,00;73,00;63,30;53,00;17,00;10,60;0,00;29,50;29,40;29,40;0.00
42,00;39,20;37,00;40,00;37,40;31,00;100,00;93,20;67,00;20,00;13,10;7,00;29,40;29,20;29,00;0.42
46,00;41,00;36,00;46,00;36,10;25,00;100,00;84,00;62,00;28,00;16,40;7,00;29,30;29,00;28,80;0.66
48,00;40,90;34,00;28,00;22,70;18,00;76,00;51,00;32,00;15,00;8,10;0,00;29,50;29,50;29,40;0.01
55,00;45,70;36,00;30,00;26,30;19,00;60,00;47,10;37,00;13,00;7,30;3,00;29,50;29,40;29,30;0.00
53,00;46,30;37,00;33,00;29,50;27,00;76,00;54,00;38,00;20,00;8,00;0,00;29,30;29,10;28,90;0.00
55,00;49,60;45,00;46,00;39,30;28,00;93,00;69,10;50,00;13,00;6,50;0,00;29,30;29,10;29,00;0.02
62,00;51,70;39,00;37,00;31,40;26,00;82,00;50,20;25,00;21,00;8,80;0,00;29,40;29,30;29,20;0.00
64,00;56,80;48,00;42,00;37,10;28,00;63,00;48,50;28,00;20,00;11,60;0,00;29,30;29,10;29,00;0.00
69,00;57,20;42,00;35,00;25,30;16,00;63,00;33,40;15,00;18,00;5,90;0,00;29,40;29,30;29,30;0.00
80,00;66,50;52,00;55,00;44,50;29,00;63,00;45,40;32,00;29,00;13,60;0,00;29,40;29,20;29,00;0.00
70,00;56,60;47,00;62,00;51,50;44,00;100,00;84,30;61,00;24,00;12,60;5,00;29,10;29,00;28,80;0.00
64,00;41,90;32,00;60,00;38,00;29,00;96,00;86,40;65,00;30,00;16,10;8,00;29,30;29,10;28,70;0.00
36,00;32,10;27,00;28,00;19,80;12,00;89,00;62,80;39,00;16,00;10,60;5,00;29,50;29,40;29,30;0.00
52,00;42,10;31,00;25,00;22,80;20,00;67,00;48,00;33,00;21,00;14,20;5,00;29,60;29,60;29,50;0.00
61,00;52,30;43,00;40,00;33,60;25,00;59,00;49,00;42,00;17,00;12,30;0,00;29,60;29,50;29,50;0.00
51,00;45,80;39,00;39,00;34,90;27,00;80,00;66,30;56,00;15,00;8,90;0,00;29,70;29,60;29,60;0.00
63,00;50,70;38,00;40,00;35,20;26,00;79,00;56,90;40,00;13,00;9,30;5,00;29,70;29,60;29,60;0.00
78,00;64,20;47,00;41,00;35,40;27,00;46,00;35,30;24,00;14,00;10,20;5,00;29,60;29,50;29,40;0.00
77,00;65,80;60,00;60,00;51,30;41,00;96,00;62,70;40,00;21,00;9,80;5,00;29,40;29,20;29,10;0.00
60,00;49,00;42,00;59,00;34,70;28,00;96,00;59,00;40,00;24,00;13,00;6,00;29,40;29,30;29,10;0.51
50,00;42,80;37,00;31,00;27,30;22,00;73,00;55,70;41,00;15,00;10,60;6,00;29,50;29,50;29,40;0.00
63,00;54,10;41,00;38,00;33,50;29,00;79,00;49,40;29,00;23,00;13,50;6,00;29,40;29,20;29,00;0.03
69,00;57,10;47,00;47,00;41,20;35,00;96,00;60,90;30,00;22,00;10,70;0,00;29,20;29,10;28,90;0.24
60,00;47,40;41,00;40,00;34,20;32,00;76,00;61,20;39,00;22,00;14,00;3,00;29,40;29,30;29,20;0.01
61,00;52,20;42,00;43,00;38,30;35,00;82,00;60,50;44,00;22,00;15,50;10,00;29,40;29,30;29,20;0.01
57,00;51,50;47,00;50,00;44,70;34,00;92,00;78,30;52,00;29,00;16,30;7,00;29,20;29,00;28,90;0.11
67,00;55,70;50,00;52,00;49,10;43,00;100,00;80,70;52,00;22,00;9,20;5,00;29,00;28,90;28,80;0.43
53,00;49,90;46,00;50,00;43,60;35,00;96,00;79,40;63,00;18,00;10,90;6,00;29,10;29,10;29,00;0.07
50,00;46,60;43,00;45,00;41,70;38,00;93,00;83,20;71,00;21,00;14,60;9,00;29,20;29,10;29,00;0.13
54,00;50,20;47,00;45,00;43,20;41,00;93,00;77,60;64,00;16,00;11,80;8,00;29,20;29,10;29,00;0.08
68,00;59,40;49,00;44,00;39,10;35,00;80,00;51,20;30,00;24,00;14,30;8,00;29,20;29,10;29,00;0.04
61,00;52,90;48,00;36,00;31,30;26,00;52,00;43,80;38,00;18,00;11,10;8,00;29,40;29,40;29,20;0.00
58,00;50,30;46,00;39,00;36,20;32,00;74,00;59,20;46,00;21,00;13,50;9,00;29,40;29,30;29,30;0.01
63,00;55,50;46,00;43,00;38,00;34,00;73,00;52,80;41,00;22,00;13,60;6,00;29,40;29,30;29,20;0.00
79,00;64,70;53,00;56,00;46,60;35,00;67,00;52,70;42,00;16,00;9,10;3,00;29,20;29,20;29,10;0.00
92,00;79,80;69,00;63,00;58,80;50,00;71,00;51,00;24,00;20,00;14,50;8,00;29,20;29,20;29,10;0.00
75,00;68,30;59,00;65,00;60,10;43,00;93,00;77,00;43,00;24,00;15,10;7,00;29,20;29,10;29,00;0.84
77,00;65,40;53,00;47,00;43,20;39,00;74,00;47,50;29,00;13,00;6,90;0,00;29,30;29,30;29,20;0.59
84,00;71,80;63,00;66,00;55,90;38,00;90,00;60,00;37,00;25,00;11,10;0,00;29,30;29,30;29,20;0.00
85,00;77,40;66,00;71,00;67,70;61,00;90,00;73,00;57,00;21,00;13,60;6,00;29,30;29,20;29,10;0.41
69,00;63,00;55,00;65,00;57,10;45,00;93,00;81,00;69,00;18,00;11,00;0,00;29,50;29,30;29,20;0.17
56,00;52,90;44,00;45,00;40,60;36,00;89,00;63,60;52,00;21,00;12,20;6,00;29,50;29,40;29,30;0.00
55,00;46,60;42,00;44,00;39,10;34,00;93,00;76,40;49,00;23,00;14,70;7,00;29,40;29,30;29,20;0.24
45,00;42,80;41,00;38,00;36,10;34,00;87,00;77,50;71,00;15,00;9,30;3,00;29,40;29,40;29,30;0.08
61,00;51,50;42,00;40,00;34,60;30,00;89,00;56,60;32,00;14,00;8,30;5,00;29,50;29,40;29,40;0.08
69,00;59,80;48,00;40,00;37,60;34,00;61,00;45,10;32,00;15,00;9,30;7,00;29,60;29,50;29,50;0.00
71,00;64,00;53,00;44,00;40,30;37,00;59,00;43,10;29,00;21,00;11,70;3,00;29,60;29,50;29,30;0.00
86,00;74,00;63,00;68,00;60,70;45,00;90,00;65,00;45,00;25,00;12,50;3,00;29,30;29,20;29,10;0.00
88,00;77,50;70,00;68,00;59,50;48,00;87,00;58,40;30,00;16,00;7,90;0,00;29,30;29,20;29,10;0.65
68,00;63,30;57,00;52,00;49,20;45,00;72,00;60,20;50,00;14,00;7,90;0,00;29,50;29,40;29,30;0.00
67,00;59,40;54,00;48,00;45,90;42,00;80,00;61,80;45,00;14,00;5,80;0,00;29,60;29,50;29,40;0.00
73,00;62,10;51,00;49,00;44,70;42,00;74,00;54,40;33,00;9,00;4,80;0,00;29,60;29,50;29,50;0.00
83,00;70,40;54,00;53,00;48,20;43,00;77,00;47,60;25,00;12,00;4,10;0,00;29,50;29,40;29,40;0.00
88,00;77,80;67,00;69,00;62,50;55,00;85,00;60,90;40,00;14,00;7,50;0,00;29,40;29,30;29,20;0.00
85,00;73,80;62,00;68,00;65,40;60,00;93,00;76,30;53,00;18,00;8,90;0,00;29,30;29,30;29,20;0.08
73,00;63,30;58,00;64,00;54,70;47,00;100,00;74,90;51,00;16,00;9,40;5,00;29,40;29,30;29,30;Jan 18
77,00;64,20;57,00;60,00;54,00;49,00;87,00;70,60;46,00;15,00;9,00;5,00;29,50;29,40;29,40;0.00
78,00;68,30;57,00;56,00;52,80;49,00;75,00;58,90;42,00;14,00;8,10;0,00;29,50;29,50;29,40;0.00
88,00;74,40;61,00;56,00;52,90;50,00;75,00;49,70;27,00;15,00;7,60;3,00;29,50;29,50;29,40;0.00
92,00;79,80;69,00;67,00;59,60;54,00;74,00;51,10;36,00;17,00;11,60;0,00;29,40;29,30;29,20;0.00
84,00;77,50;70,00;70,00;66,00;62,00;87,00;68,60;49,00;33,00;16,20;8,00;29,30;29,20;29,10;0.00
81,00;75,20;71,00;63,00;53,80;48,00;73,00;48,70;31,00;18,00;10,50;3,00;29,30;29,20;29,20;0.20
72,00;64,20;59,00;59,00;56,20;50,00;93,00;76,60;47,00;20,00;11,80;3,00;29,30;29,20;29,10;0.02
75,00;65,80;57,00;53,00;44,30;35,00;87,00;50,50;24,00;15,00;8,00;0,00;29,30;29,30;29,30;0.10
81,00;69,80;55,00;49,00;41,60;33,00;75,00;40,70;18,00;14,00;5,50;0,00;29,40;29,30;29,30;0.00
84,00;74,10;63,00;62,00;50,10;43,00;84,00;43,90;31,00;13,00;7,00;0,00;29,30;29,30;29,20;0.00
70,00;62,70;55,00;60,00;49,00;38,00;87,00;63,60;34,00;22,00;16,10;8,00;29,40;29,30;29,20;0.33
77,00;65,80;56,00;59,00;51,70;43,00;70,00;60,60;54,00;15,00;8,10;5,00;29,40;29,30;29,30;0.00
69,00;62,70;59,00;61,00;56,50;48,00;93,00;81,00;60,00;20,00;10,00;3,00;29,30;29,20;29,10;0.00
69,00;64,50;62,00;64,00;60,60;56,00;97,00;87,40;78,00;16,00;6,20;0,00;29,10;29,00;29,00;0.00
81,00;69,30;63,00;65,00;60,50;49,00;97,00;76,10;50,00;17,00;8,40;0,00;29,20;29,10;29,10;0.00
74,00;65,40;57,00;48,00;44,30;36,00;67,00;48,30;27,00;13,00;7,70;0,00;29,40;29,30;29,20;0.00
80,00;70,40;58,00;46,00;42,50;38,00;60,00;38,70;22,00;14,00;8,50;5,00;29,40;29,40;29,30;0.00
85,00;76,70;65,00;67,00;57,20;46,00;64,00;51,20;42,00;23,00;14,70;8,00;29,30;29,30;29,10;0.00
90,00;81,10;69,00;70,00;64,70;59,00;84,00;59,10;42,00;14,00;8,80;3,00;29,40;29,30;29,20;0.00
93,00;84,60;80,00;72,00;68,60;63,00;71,00;59,20;44,00;24,00;13,90;6,00;29,30;29,20;29,10;0.00
85,00;72,00;63,00;74,00;65,70;61,00;93,00;81,10;64,00;24,00;10,70;0,00;29,40;29,30;29,20;0.00
82,00;68,80;61,00;70,00;64,60;59,00;97,00;86,90;65,00;17,00;7,20;0,00;29,40;29,40;29,30;0.84
86,00;74,00;67,00;70,00;67,60;62,00;96,00;81,40;53,00;13,00;8,80;3,00;29,40;29,30;29,30;0.37
85,00;70,30;63,00;68,00;64,70;61,00;96,00;83,50;55,00;28,00;8,10;0,00;29,30;29,30;29,20;0.01
81,00;70,80;66,00;67,00;64,50;61,00;93,00;81,30;62,00;10,00;4,80;0,00;29,30;29,20;29,20;0.73
83,00;75,00;69,00;71,00;68,60;63,00;93,00;80,70;67,00;10,00;5,20;0,00;29,20;29,20;29,10;0.08
85,00;76,60;70,00;71,00;69,80;67,00;97,00;80,70;59,00;29,00;6,60;0,00;29,20;29,20;29,20;0.13
77,00;68,00;63,00;70,00;63,00;58,00;93,00;84,10;66,00;13,00;6,30;0,00;29,40;29,30;29,20;01. Okt
76,00;65,80;61,00;63,00;59,90;58,00;93,00;81,90;64,00;10,00;7,00;3,00;29,40;29,40;29,30;0.02
90,00;76,90;62,00;69,00;64,70;60,00;96,00;69,10;43,00;15,00;8,90;5,00;29,40;29,30;29,30;0.00
88,00;80,50;75,00;74,00;70,50;69,00;85,00;72,30;55,00;28,00;11,80;5,00;29,40;29,30;29,30;0.00
88,00;79,10;72,00;73,00;70,00;67,00;91,00;74,30;59,00;18,00;13,10;9,00;29,30;29,30;29,20;0.20
88,00;75,70;69,00;76,00;70,50;66,00;96,00;84,40;63,00;43,00;13,00;3,00;29,30;29,10;29,00;0.20
83,00;73,90;68,00;67,00;64,50;60,00;93,00;74,60;47,00;29,00;15,20;5,00;29,10;29,10;28,90;Jan 87
72,00;64,20;58,00;65,00;56,40;53,00;93,00;77,10;51,00;16,00;9,60;5,00;29,40;29,30;29,10;0.03
74,00;66,50;58,00;57,00;51,00;40,00;90,00;60,60;31,00;15,00;7,40;0,00;29,50;29,40;29,40;0.17
79,00;70,40;60,00;55,00;49,60;46,00;67,00;49,40;33,00;12,00;7,00;0,00;29,60;29,60;29,50;0.00
79,00;72,30;64,00;62,00;55,30;52,00;73,00;56,10;42,00;16,00;9,50;3,00;29,60;29,50;29,40;0.00
89,00;77,90;66,00;72,00;66,50;58,00;78,00;68,30;57,00;21,00;12,60;6,00;29,40;29,20;29,10;0.01
89,00;80,30;72,00;72,00;67,70;58,00;91,00;67,50;38,00;24,00;11,30;3,00;29,10;29,10;29,00;0.48
83,00;76,60;72,00;71,00;63,30;57,00;93,00;65,40;42,00;20,00;13,40;7,00;29,20;29,00;28,90;0.48
79,00;72,30;65,00;60,00;58,00;55,00;84,00;61,90;44,00;16,00;6,30;0,00;29,40;29,30;29,20;0.00
77,00;71,50;63,00;61,00;56,00;47,00;87,00;59,90;39,00;14,00;5,30;0,00;29,50;29,50;29,40;0.00
82,00;75,20;63,00;60,00;53,70;48,00;72,00;48,90;30,00;12,00;6,30;3,00;29,60;29,50;29,40;0.00
81,00;74,90;70,00;77,00;69,80;60,00;97,00;84,90;56,00;22,00;10,40;0,00;29,40;29,40;29,20;0.18
85,00;76,10;71,00;72,00;67,20;58,00;96,00;76,30;40,00;14,00;9,80;6,00;29,30;29,20;29,20;0.00
81,00;72,40;66,00;66,00;57,40;49,00;90,00;60,40;35,00;16,00;7,30;0,00;29,20;29,20;29,10;0.00
69,00;62,90;57,00;58,00;52,40;49,00;86,00;69,30;54,00;16,00;10,80;5,00;29,30;29,30;29,20;0.37
72,00;65,50;56,00;57,00;51,20;45,00;96,00;62,90;40,00;16,00;7,50;3,00;29,40;29,30;29,30;0.05
78,00;69,00;59,00;58,00;52,40;48,00;75,00;56,20;40,00;13,00;5,00;0,00;29,40;29,40;29,40;0.00
80,00;72,80;64,00;58,00;55,30;49,00;75,00;55,60;38,00;14,00;6,50;0,00;29,50;29,50;29,40;0.00
80,00;73,00;64,00;60,00;56,00;52,00;78,00;56,60;39,00;10,00;4,10;0,00;29,40;29,40;29,30;0.00
83,00;75,50;66,00;62,00;59,00;56,00;79,00;58,00;41,00;9,00;4,40;0,00;29,40;29,40;29,30;0.00
86,00;78,70;69,00;66,00;63,40;62,00;81,00;60,40;44,00;14,00;8,00;0,00;29,40;29,40;29,40;0.00
91,00;81,90;72,00;76,00;70,10;65,00;87,00;67,80;53,00;21,00;12,60;5,00;29,40;29,30;29,30;0.00
77,00;69,80;64,00;73,00;57,50;50,00;91,00;65,90;45,00;25,00;16,60;9,00;29,50;29,40;29,30;0.19
74,00;68,10;61,00;57,00;51,50;45,00;81,00;57,30;35,00;13,00;8,40;5,00;29,50;29,40;29,40;0.00
76,00;69,40;61,00;60,00;56,20;51,00;70,00;63,00;55,00;18,00;9,30;3,00;29,40;29,30;29,20;0.00
83,00;77,40;70,00;72,00;67,20;60,00;87,00;70,80;60,00;14,00;7,90;0,00;29,30;29,20;29,10;0.00
88,00;77,10;67,00;72,00;63,70;55,00;93,00;66,90;35,00;28,00;13,40;0,00;29,20;29,10;29,00;0.00
73,00;66,70;62,00;54,00;49,80;43,00;67,00;55,40;36,00;25,00;13,30;0,00;29,40;29,40;29,30;0.04
79,00;70,50;60,00;58,00;55,30;52,00;78,00;59,70;40,00;15,00;8,00;0,00;29,40;29,40;29,30;0.00
80,00;69,50;62,00;61,00;57,60;54,00;84,00;67,00;40,00;13,00;5,50;0,00;29,40;29,40;29,30;0.00
84,00;74,70;63,00;62,00;58,70;56,00;87,00;60,00;40,00;16,00;8,70;0,00;29,40;29,40;29,30;0.00
82,00;73,00;67,00;66,00;60,80;55,00;84,00;66,40;44,00;21,00;7,70;3,00;29,40;29,40;29,40;0.00
83,00;74,50;63,00;60,00;55,60;51,00;84,00;54,20;36,00;10,00;4,80;0,00;29,50;29,40;29,40;0.21
87,00;77,10;66,00;65,00;61,40;56,00;73,00;59,30;43,00;13,00;6,40;0,00;29,50;29,40;29,40;0.00
86,00;74,70;69,00;68,00;65,40;61,00;96,00;74,80;43,00;14,00;8,90;3,00;29,40;29,40;29,40;0.00
80,00;72,60;68,00;68,00;66,50;62,00;100,00;81,70;64,00;10,00;4,60;0,00;29,40;29,40;29,40;Jan 89
80,00;73,30;65,00;64,00;57,30;48,00;87,00;60,00;37,00;12,00;6,30;0,00;29,40;29,40;29,40;0.00
80,00;74,60;69,00;65,00;60,40;54,00;87,00;62,80;40,00;14,00;9,30;3,00;29,40;29,40;29,40;0.00
82,00;75,90;70,00;65,00;60,40;56,00;78,00;59,80;41,00;16,00;11,30;6,00;29,40;29,40;29,40;0.00
80,00;75,00;69,00;65,00;59,30;55,00;73,00;58,80;43,00;17,00;10,60;5,00;29,40;29,40;29,40;0.00
81,00;75,70;71,00;65,00;62,30;56,00;71,00;63,10;53,00;13,00;8,30;5,00;29,40;29,30;29,30;0.00
84,00;74,20;69,00;69,00;66,80;63,00;93,00;78,50;52,00;21,00;8,60;0,00;29,30;29,20;29,10;Jan 16
70,00;67,20;64,00;66,00;62,50;57,00;94,00;85,20;78,00;21,00;12,90;7,00;29,20;29,10;29,10;0.15
83,00;75,90;70,00;64,00;60,70;59,00;71,00;60,00;48,00;15,00;9,10;0,00;29,40;29,30;29,30;0.00
71,00;67,70;64,00;59,00;51,00;44,00;76,00;56,00;42,00;15,00;9,00;3,00;29,40;29,40;29,40;0.00
79,00;68,00;55,00;57,00;50,30;44,00;75,00;55,10;36,00;12,00;5,90;0,00;29,40;29,40;29,30;0.00
80,00;73,70;65,00;68,00;63,70;56,00;81,00;71,00;62,00;12,00;8,30;5,00;29,30;29,30;29,20;0.00
72,00;70,20;67,00;67,00;64,80;63,00;90,00;83,20;75,00;15,00;8,90;0,00;29,30;29,30;29,30;0.00
84,00;74,00;67,00;69,00;65,30;63,00;90,00;75,40;55,00;12,00;5,40;0,00;29,30;29,20;29,10;0.00
85,00;78,70;73,00;71,00;68,50;62,00;87,00;71,90;46,00;25,00;13,00;5,00;29,10;29,10;29,00;0.00
87,00;78,20;69,00;71,00;66,50;64,00;84,00;68,30;48,00;15,00;8,20;0,00;29,30;29,20;29,10;0.13
82,00;76,20;72,00;75,00;72,50;67,00;100,00;88,40;74,00;15,00;6,30;0,00;29,30;29,30;29,20;0.24
86,00;78,30;74,00;75,00;73,20;71,00;97,00;85,30;61,00;12,00;6,80;0,00;29,30;29,30;29,20;Apr 22
86,00;76,90;72,00;75,00;72,30;69,00;94,00;86,00;65,00;17,00;5,50;0,00;29,40;29,30;29,20;0.00
88,00;79,70;72,00;76,00;71,90;69,00;93,00;77,90;61,00;10,00;7,20;3,00;29,30;29,30;29,30;0.50
91,00;80,00;74,00;78,00;72,60;66,00;91,00;78,50;63,00;32,00;9,70;0,00;29,40;29,30;29,30;0.00
85,00;76,70;72,00;73,00;68,30;66,00;85,00;76,10;53,00;18,00;6,80;0,00;29,50;29,40;29,30;0.78
81,00;74,30;70,00;68,00;63,60;61,00;84,00;69,80;50,00;12,00;6,90;0,00;29,50;29,40;29,40;0.00
77,00;72,80;69,00;67,00;60,50;56,00;84,00;65,80;51,00;13,00;8,30;3,00;29,50;29,40;29,40;0.00
87,00;79,20;73,00;74,00;69,60;66,00;81,00;72,80;61,00;14,00;10,90;7,00;29,30;29,30;29,20;0.02
86,00;79,20;75,00;71,00;69,10;66,00;85,00;72,10;53,00;22,00;12,70;5,00;29,30;29,20;29,20;0.00
86,00;77,60;71,00;71,00;68,20;65,00;87,00;74,30;49,00;13,00;7,10;3,00;29,30;29,30;29,20;0.00
84,00;78,20;74,00;75,00;69,40;66,00;91,00;75,00;55,00;21,00;13,10;8,00;29,20;29,10;29,10;0.00
84,00;76,40;69,00;69,00;62,10;54,00;93,00;63,90;35,00;15,00;6,80;0,00;29,30;29,20;29,20;0.00
85,00;76,70;67,00;64,00;62,20;58,00;87,00;62,50;44,00;13,00;6,80;0,00;29,40;29,30;29,30;0.00
86,00;77,70;73,00;74,00;68,30;65,00;88,00;73,20;53,00;20,00;12,50;5,00;29,40;29,30;29,20;0.00
88,00;77,60;67,00;75,00;70,10;58,00;93,00;78,10;63,00;28,00;13,60;5,00;29,40;29,30;29,20;0.22
76,00;68,40;63,00;62,00;54,00;47,00;84,00;61,70;39,00;14,00;8,60;0,00;29,50;29,50;29,40;0.43
78,00;69,80;60,00;57,00;52,40;47,00;81,00;56,70;35,00;12,00;4,50;0,00;29,50;29,50;29,50;0.00
78,00;71,30;61,00;56,00;53,70;52,00;78,00;55,30;42,00;12,00;6,00;0,00;29,50;29,40;29,30;0.00
80,00;73,60;67,00;66,00;61,50;55,00;75,00;66,10;59,00;13,00;8,40;3,00;29,30;29,30;29,20;0.01
82,00;71,80;60,00;73,00;66,40;52,00;94,00;83,60;64,00;23,00;15,70;7,00;29,20;29,00;28,90;01. Apr
58,00;53,80;52,00;50,00;45,00;43,00;80,00;72,00;66,00;16,00;10,80;8,00;29,60;29,50;29,20;0.57
57,00;51,90;46,00;52,00;47,50;43,00;93,00;85,20;67,00;17,00;11,80;6,00;29,70;29,60;29,60;0.01
60,00;50,00;42,00;44,00;41,50;40,00;93,00;73,90;49,00;14,00;7,80;0,00;29,70;29,60;29,60;0.10
67,00;57,60;47,00;47,00;43,80;42,00;86,00;62,40;42,00;13,00;4,70;0,00;29,70;29,60;29,50;0.00
61,00;57,90;54,00;54,00;51,00;47,00;88,00;77,80;69,00;13,00;6,60;0,00;29,50;29,50;29,40;0.00
68,00;58,60;47,00;51,00;46,50;40,00;93,00;67,30;37,00;10,00;4,90;0,00;29,60;29,50;29,40;0.00
71,00;61,10;50,00;52,00;47,60;44,00;86,00;63,20;39,00;10,00;4,10;0,00;29,40;29,40;29,30;0.00
71,00;62,30;53,00;58,00;53,90;48,00;90,00;74,80;55,00;12,00;5,60;0,00;29,50;29,40;29,40;0.00
76,00;66,90;57,00;58,00;49,30;44,00;90,00;56,50;32,00;16,00;10,30;0,00;29,50;29,40;29,30;0.00
78,00;70,40;63,00;69,00;61,70;51,00;87,00;74,00;59,00;18,00;11,90;6,00;29,30;29,20;29,10;0.00
71,00;62,80;54,00;66,00;53,30;45,00;87,00;71,50;60,00;20,00;13,40;7,00;29,50;29,20;29,10;0.00
68,00;57,90;48,00;47,00;44,60;42,00;83,00;62,90;39,00;9,00;6,40;0,00;29,60;29,60;29,50;0.00
74,00;62,70;50,00;53,00;47,60;42,00;75,00;59,40;38,00;10,00;6,20;0,00;29,70;29,60;29,60;0.00
76,00;66,00;57,00;57,00;50,40;45,00;84,00;59,50;35,00;10,00;5,70;0,00;29,70;29,60;29,60;0.00
77,00;67,00;59,00;58,00;54,00;50,00;86,00;65,10;40,00;9,00;3,70;0,00;29,60;29,60;29,50;0.00
80,00;69,30;60,00;59,00;54,80;50,00;83,00;62,50;37,00;13,00;5,10;0,00;29,60;29,60;29,50;0.00
79,00;72,30;65,00;61,00;56,90;51,00;84,00;60,40;40,00;10,00;5,90;0,00;29,60;29,50;29,50;0.00
79,00;68,70;58,00;60,00;57,60;55,00;93,00;70,10;45,00;9,00;3,30;0,00;29,50;29,50;29,40;0.00
84,00;67,80;58,00;59,00;56,80;53,00;90,00;70,90;39,00;20,00;9,00;0,00;29,40;29,30;29,30;0.00
59,00;55,60;51,00;52,00;49,10;48,00;92,00;79,30;67,00;17,00;10,90;3,00;29,40;29,40;29,30;0.00
73,00;63,00;53,00;55,00;50,40;46,00;80,00;64,30;53,00;15,00;8,50;3,00;29,40;29,30;29,20;0.00
75,00;69,70;66,00;67,00;63,00;54,00;97,00;79,30;61,00;16,00;8,30;0,00;29,20;29,10;29,00;0.00
68,00;59,30;46,00;67,00;53,00;30,00;100,00;80,80;54,00;25,00;14,10;3,00;29,10;29,00;28,80;0.00
49,00;44,00;38,00;41,00;34,00;27,00;86,00;69,10;49,00;21,00;14,00;0,00;29,10;29,10;29,00;0.10
56,00;50,00;42,00;43,00;36,10;32,00;76,00;60,00;40,00;21,00;10,70;5,00;29,10;29,00;29,00;0.05
62,00;54,80;48,00;48,00;40,30;34,00;80,00;60,30;38,00;21,00;11,00;3,00;29,00;28,90;28,90;0.01
68,00;58,50;50,00;52,00;44,20;38,00;80,00;59,90;40,00;22,00;11,60;8,00;29,20;29,00;29,00;0.00
67,00;57,60;48,00;42,00;36,60;31,00;74,00;48,60;27,00;20,00;11,10;6,00;29,40;29,30;29,20;0.00
61,00;55,40;51,00;39,00;36,00;31,00;63,00;48,80;35,00;10,00;6,60;0,00;29,50;29,40;29,40;0.00
59,00;51,80;44,00;44,00;40,70;34,00;80,00;66,30;53,00;12,00;5,20;0,00;29,50;29,50;29,40;0.00
60,00;51,10;42,00;41,00;35,70;30,00;82,00;58,70;33,00;13,00;4,80;0,00;29,60;29,50;29,50;0.00
64,00;55,50;45,00;56,00;43,80;34,00;93,00;66,10;45,00;18,00;9,60;5,00;29,50;29,30;29,20;0.00
71,00;65,30;59,00;66,00;61,70;57,00;93,00;88,40;81,00;17,00;9,20;0,00;29,20;29,10;28,90;0.01
67,00;62,10;55,00;63,00;59,00;52,00;96,00;89,80;81,00;17,00;8,30;0,00;29,00;28,90;28,80;0.48
58,00;55,00;53,00;54,00;52,40;51,00;97,00;91,10;87,00;14,00;9,50;7,00;29,20;29,10;29,00;Jan 20
58,00;55,00;53,00;53,00;51,70;50,00;97,00;88,80;81,00;13,00;8,30;5,00;29,20;29,10;29,00;0.01
62,00;52,80;0,00;52,00;45,20;0,00;93,00;70,10;0,00;18,00;13,10;7,00;29,20;27,20;0,00;0.00
51,00;48,70;41,00;43,00;39,80;34,00;82,00;71,70;63,00;18,00;10,10;3,00;29,50;29,40;29,20;0.01
56,00;48,00;37,00;45,00;39,10;33,00;89,00;72,50;55,00;16,00;8,60;0,00;29,60;29,40;29,30;0.02
65,00;55,80;50,00;50,00;46,10;42,00;83,00;70,50;54,00;14,00;9,10;5,00;29,30;29,20;29,10;0.00
53,00;51,50;49,00;45,00;41,00;38,00;74,00;67,30;59,00;18,00;12,10;7,00;29,60;29,50;29,30;0.00
56,00;49,50;44,00;41,00;38,00;36,00;76,00;65,30;51,00;8,00;5,20;0,00;29,70;29,60;29,60;0.00
62,00;52,40;42,00;43,00;40,50;38,00;89,00;65,50;46,00;13,00;8,40;5,00;29,60;29,50;29,40;0.00
67,00;59,90;54,00;51,00;47,70;44,00;77,00;64,60;50,00;9,00;5,60;0,00;29,40;29,30;29,30;0.00
74,00;63,00;54,00;56,00;42,80;26,00;93,00;55,10;19,00;18,00;10,30;5,00;29,30;29,30;29,20;0.00
65,00;54,80;44,00;42,00;32,30;26,00;58,00;44,00;24,00;10,00;5,50;0,00;29,40;29,30;29,20;0.00
78,00;67,80;54,00;60,00;52,30;33,00;76,00;58,00;42,00;23,00;13,70;6,00;29,20;29,00;28,90;0.00
65,00;57,00;48,00;59,00;40,50;34,00;87,00;55,30;38,00;23,00;14,80;8,00;29,30;29,20;29,00;0.05
49,00;46,90;41,00;35,00;32,70;31,00;73,00;58,00;52,00;18,00;9,10;0,00;29,50;29,40;29,30;0.00
52,00;46,30;37,00;37,00;35,30;32,00;83,00;66,40;54,00;12,00;6,50;0,00;29,50;29,40;29,40;0.00
48,00;39,50;34,00;39,00;30,10;25,00;89,00;69,70;51,00;37,00;22,70;8,00;29,60;29,50;29,30;0.00
44,00;39,80;33,00;31,00;27,90;25,00;85,00;63,30;51,00;21,00;10,90;0,00;29,80;29,70;29,70;0.04
53,00;43,30;30,00;31,00;25,30;20,00;89,00;54,60;27,00;18,00;9,90;0,00;29,80;29,60;29,50;0.00
64,00;56,00;45,00;44,00;34,00;25,00;53,00;44,00;34,00;22,00;15,30;10,00;29,50;29,40;29,30;0.00
61,00;52,90;46,00;52,00;43,00;37,00;87,00;70,30;42,00;21,00;16,00;10,00;29,40;29,30;29,20;0.02
63,00;51,50;40,00;40,00;36,90;33,00;86,00;60,40;34,00;17,00;10,00;5,00;29,50;29,40;29,20;0.00
51,00;45,20;40,00;44,00;33,90;25,00;80,00;64,90;53,00;26,00;17,60;9,00;29,50;29,30;29,10;0.00
45,00;41,60;38,00;32,00;27,00;25,00;63,00;56,60;48,00;16,00;9,30;3,00;29,50;29,40;29,10;0.00
49,00;44,80;39,00;39,00;30,90;24,00;80,00;59,30;46,00;21,00;12,40;6,00;29,30;29,20;29,10;0.00
52,00;45,20;36,00;36,00;30,30;25,00;67,00;56,60;46,00;18,00;9,90;5,00;29,30;29,20;29,10;0.00
64,00;54,80;45,00;43,00;40,00;36,00;74,00;58,60;45,00;18,00;11,60;3,00;29,20;29,00;28,90;0.00
61,00;43,70;33,00;46,00;34,90;21,00;89,00;72,10;54,00;22,00;14,70;8,00;29,50;29,10;28,90;0.00
33,00;29,90;28,00;21,00;16,40;12,00;64,00;57,50;49,00;17,00;13,30;10,00;29,60;29,60;29,50;0.23
30,00;28,20;26,00;18,00;16,10;14,00;69,00;60,70;54,00;16,00;11,90;7,00;29,60;29,60;29,60;0.00
29,00;27,60;26,00;17,00;14,20;12,00;69,00;57,20;51,00;13,00;7,30;3,00;29,70;29,70;29,60;0.00
33,00;27,70;21,00;21,00;15,10;12,00;78,00;60,30;43,00;12,00;6,20;0,00;29,70;29,60;29,50;0.00
33,00;30,60;25,00;27,00;22,80;17,00;82,00;72,80;64,00;16,00;9,30;5,00;29,50;29,40;29,20;0.00
24,00;16,70;13,00;14,00;5,80;1,00;74,00;62,50;46,00;24,00;16,60;9,00;29,30;29,30;29,20;0.00
21,00;16,50;12,00;8,00;5,00;3,00;73,00;60,90;48,00;21,00;16,30;8,00;29,50;29,40;29,30;0.00
33,00;25,90;19,00;18,00;12,50;6,00;66,00;57,00;49,00;21,00;15,10;10,00;29,40;29,20;29,10;0.00
29,00;23,40;17,00;13,00;7,20;2,00;71,00;51,90;32,00;22,00;14,80;7,00;29,60;29,40;29,30;0.00
36,00;26,30;14,00;13,00;6,10;1,00;68,00;44,70;25,00;15,00;8,20;0,00;29,80;29,70;29,50;0.00
53,00;44,30;34,00;47,00;38,60;15,00;93,00;81,20;41,00;16,00;12,10;8,00;29,50;29,30;29,20;0.04
54,00;52,10;50,00;51,00;47,50;42,00;97,00;84,50;71,00;17,00;10,20;3,00;29,20;28,90;28,40;0.01
51,00;37,10;27,00;50,00;33,40;20,00;96,00;86,70;75,00;31,00;20,10;5,00;29,20;28,70;28,40;0.72
29,00;24,60;23,00;21,00;17,40;16,00;81,00;74,20;66,00;21,00;11,80;6,00;29,50;29,40;29,20;0.25
32,00;26,90;22,00;24,00;19,90;17,00;85,00;75,20;66,00;12,00;6,30;0,00;29,50;29,50;29,40;0.00
29,00;25,50;20,00;22,00;16,70;9,00;78,00;69,30;60,00;15,00;10,20;0,00;29,70;29,60;29,50;0.00
36,00;28,70;21,00;29,00;18,80;9,00;76,00;66,70;56,00;16,00;10,10;0,00;29,70;29,50;29,20;0.00
53,00;45,90;33,00;49,00;39,60;27,00;89,00;79,00;66,00;21,00;14,90;6,00;29,20;29,00;28,90;0.00
55,00;44,10;29,00;50,00;39,00;17,00;93,00;82,50;61,00;18,00;13,00;8,00;29,60;29,20;29,00;0.00
28,00;23,70;21,00;18,00;8,30;-2,00;69,00;53,50;32,00;17,00;13,00;10,00;30,00;29,90;29,70;0.00
33,00;29,70;23,00;28,00;22,10;13,00;85,00;73,20;62,00;17,00;10,40;0,00;29,80;29,50;29,40;0.00
39,00;31,90;27,00;24,00;19,60;13,00;81,00;61,80;43,00;15,00;10,80;3,00;29,70;29,60;29,40;0.00
36,00;33,00;27,00;25,00;19,60;11,00;67,00;58,00;49,00;12,00;7,70;3,00;29,70;29,70;29,60;0.00
41,00;37,40;35,00;35,00;31,80;25,00;89,00;80,50;67,00;10,00;5,50;0,00;29,60;29,50;29,50;0.00
42,00;38,30;35,00;35,00;30,00;25,00;83,00;72,40;58,00;21,00;13,10;7,00;29,90;29,80;29,60;0.00
38,00;34,70;30,00;27,00;22,50;18,00;72,00;61,40;47,00;12,00;8,50;5,00;30,00;29,80;29,60;0.00
39,00;37,00;35,00;38,00;33,30;27,00;96,00;87,00;72,00;14,00;9,80;7,00;29,60;29,40;29,30;0.00
40,00;36,80;33,00;35,00;32,60;27,00;93,00;85,30;78,00;18,00;13,50;9,00;29,70;29,60;29,40;0.10
36,00;33,70;31,00;28,00;26,70;23,00;79,00;75,40;72,00;12,00;9,80;7,00;29,70;29,60;29,60;0.02
33,00;29,40;26,00;24,00;22,00;20,00;85,00;74,30;64,00;13,00;8,80;6,00;29,60;29,60;29,60;0.00
39,00;31,20;25,00;34,00;27,90;21,00;96,00;87,70;82,00;14,00;9,30;5,00;29,70;29,60;29,60;0.00
49,00;44,20;38,00;45,00;39,40;33,00;86,00;83,40;76,00;13,00;8,40;5,00;29,60;29,50;29,40;0.00
53,00;49,20;47,00;47,00;45,90;44,00;97,00;88,20;77,00;15,00;9,80;5,00;29,40;29,40;29,30;0.00
48,00;45,90;44,00;45,00;43,30;41,00;93,00;90,90;86,00;16,00;11,20;5,00;29,30;29,20;29,00;0.00
47,00;42,50;32,00;44,00;38,80;23,00;97,00;87,00;69,00;22,00;10,20;0,00;29,50;29,10;29,00;0.12
31,00;27,50;26,00;23,00;18,20;16,00;75,00;68,00;63,00;16,00;11,00;7,00;29,60;29,60;29,50;0.02
31,00;27,80;25,00;21,00;18,00;16,00;69,00;67,00;64,00;9,00;5,10;0,00;29,60;29,60;29,60;0.00
34,00;32,00;29,00;25,00;23,30;22,00;79,00;70,00;64,00;9,00;4,30;0,00;29,60;29,60;29,60;0.00
34,00;33,10;32,00;27,00;25,60;25,00;79,00;73,90;70,00;9,00;6,10;3,00;29,60;29,60;29,60;0.00
38,00;35,60;34,00;30,00;28,10;27,00;79,00;73,90;70,00;14,00;9,70;6,00;29,60;29,50;29,40;0.00
44,00;38,40;32,00;41,00;34,30;26,00;93,00;85,40;73,00;16,00;10,70;6,00;29,30;29,10;28,90;0.00
50,00;47,00;43,00;46,00;41,10;36,00;97,00;81,00;59,00;18,00;11,20;5,00;29,10;29,00;28,90;0.40
43,00;40,50;38,00;38,00;35,00;33,00;89,00;81,10;71,00;15,00;7,80;0,00;29,10;28,90;28,80;0.01
44,00;39,30;35,00;35,00;31,60;29,00;83,00;74,00;63,00;20,00;13,60;9,00;29,40;29,30;29,00;0.11
51,00;45,30;38,00;43,00;37,40;32,00;83,00;74,60;61,00;15,00;10,60;6,00;29,40;29,40;29,30;0.00
50,00;42,60;33,00;47,00;36,70;25,00;93,00;79,80;67,00;21,00;14,20;9,00;29,40;29,40;29,30;0.00
35,00;29,60;26,00;24,00;19,20;16,00;78,00;66,00;46,00;13,00;7,70;3,00;29,60;29,50;29,40;0.00
33,00;29,60;24,00;25,00;19,80;12,00;80,00;66,90;56,00;13,00;9,30;3,00;29,80;29,70;29,60;0.00
22,00;17,50;13,00;9,00;1,00;-6,00;71,00;50,40;32,00;15,00;11,50;8,00;30,00;29,90;29,80;0.00
20,00;14,20;6,00;3,00;-1,50;-8,00;64,00;50,30;42,00;21,00;15,00;10,00;29,90;29,70;29,50;0.00
